track_id,song_name,artist,genre,year,times_played,timestamp,user_id
TRITASK128F9306584,Between You and Me,Hilary Duff,pop | female_vocalists | dance | pop_rock,2007,1,2025-10-23,U0003
TRXNFYM128E0781EC6,Walking Wounded (Omni Trio remix),Everything But the Girl,electronic | chillout | drum_and_bass,2013,1,2025-10-25,U0001
TRKGXDR12903D01788,Kiwi Maddog 20/20,Elliott Smith,indie | instrumental | acoustic | chill,1994,1,2025-10-25,U0002
TRUGUEN128F426D379,Fanfare,Bathory,black_metal,2003,1,2025-10-23,U0004
TRPZEJS12903CDD12B,Manipulator,Insect Warfare,grindcore,2009,1,2025-10-28,U0001
TRDYTEI128F42620EB,Red Cape Diver,Foxy Shazam,post_hardcore | noise | avant_garde,2008,1,2025-10-24,U0005
TRBWDJH128F429E9FF,He War,Cat Power,indie | female_vocalists | folk | indie_rock | singer_songwriter,2003,1,2025-10-27,U0003
TROKQAI128F1486E98,Watching The Detectives,Elvis Costello & The Attractions,rock | alternative | singer_songwriter | new_wave | reggae | post_punk | 70s | ska,2008,1,2025-10-21,U0002
TRNOATJ128F4281CFB,Inoculate The Innocuous,The Unicorns,indie | experimental | indie_rock,2004,1,2025-10-26,U0001
TRERORE128F1469FFB,Amber,311,rock | alternative | alternative_rock | chillout | reggae | love | mellow | chill | ska,2004,1,2025-10-26,U0002
TRLZHAB128F4277ACB,"Casanova, Baby!",The Gaslight Anthem,rock | punk | punk_rock,2008,1,2025-10-27,U0002
TRRGIBF128F427025E,Miss You Love,Maria Mena,pop | female_vocalists | jazz,2005,1,2025-10-21,U0003
TRDDZWI128F1459B8F,Sour Cherry,The Kills,electronic | indie | female_vocalists | alternative_rock | indie_rock | british | 00s,2008,1,2025-10-27,U0005
TRFTJNJ128F4243744,Stay (I Missed You),Lisa Loeb,pop | female_vocalists | singer_songwriter | soundtrack | 90s,2007,1,2025-10-22,U0004
TROLHQU128F934B53E,Losing Sight,As I Lay Dying,metal | death_metal | hardcore | metalcore | melodic_death_metal,2005,1,2025-10-22,U0004
TRXEFBD128F4245101,Green Eyes,Coldplay,rock | alternative | indie | pop | alternative_rock | indie_rock | british | acoustic | love | beautiful | 00s | guitar | britpop | mellow,2002,1,2025-10-23,U0001
TRROVQH128F429D28F,Superpopstar,Waldeck,electronic | trip_hop | new_age,1999,1,2025-10-23,U0004
TRUMJTH128F425470C,Ostinato,Eluvium,ambient | instrumental,2007,1,2025-10-25,U0001
TRADKAX128E0786B92,Romantic Rights,Death from Above 1979,rock | alternative | indie | punk | indie_rock | hard_rock | dance | post_punk | 00s,2005,1,2025-10-27,U0003
TROMPCE128F93512A2,Finger,Ty Segall,rock | experimental | punk | punk_rock,2010,1,2025-10-25,U0002
TRYRAMO128F9308B5F,Read Between The Lies,Slayer,metal | heavy_metal | thrash_metal,1988,1,2025-10-21,U0004
TRREARI128F42329D5,Silmä Silmästä,Teräsbetoni,metal | heavy_metal | power_metal,2005,1,2025-10-23,U0002
TRWYYVL128F428CC09,Grandmother With AIDS,Agoraphobic Nosebleed,grindcore,2002,1,2025-10-25,U0003
TRMBODZ128F4281CD0,Juicebox,The Strokes,rock | alternative | indie | alternative_rock | indie_rock | post_punk,2001,1,2025-10-26,U0004
TRXCUKT12903CB8F54,Babylon,David Gray,rock | alternative | indie | pop | singer_songwriter | british | chillout | 90s | acoustic | male_vocalists | mellow | chill,2007,1,2025-10-28,U0003
TRUNYJQ128F14A8008,Autumn Song,Parov Stelar,jazz | chillout | electro | downtempo | lounge,2005,1,2025-10-26,U0001
TRULCYO128F427B2A7,The Sky Was Pink,Nathan Fake,electronic | ambient | electro,2006,1,2025-10-26,U0005
TRRNFEO128F42935D0,Beatific,Glass Candy,electronic | dance | electro | synthpop,2007,1,2025-10-24,U0003
TRURGHT12903CB7583,The Numbers,Radiohead,indie_pop,2016,1,2025-10-26,U0003
TRHVUEG128F932BC91,Limb from Limb,Protest the Hero,hardcore | metalcore | progressive_metal | post_hardcore,2008,1,2025-10-24,U0005
TRSKKAF128F4259E92,Boys Boys Boys,Lady Gaga,electronic | pop | female_vocalists | dance,2008,1,2025-10-28,U0004
TRIUBRP128F421FA6F,Bonnie & Clyde,Die Toten Hosen,rock | punk | punk_rock | german,2002,1,2025-10-23,U0002
TRAMHLO12903CF8B06,The Wall,Johnny Cash,folk | country,2009,1,2025-10-28,U0001
TRDYSXD128E07870CD,Atacama,Medwyn Goodall,new_age,2004,1,2025-10-26,U0004
TRAQUZT128F426A255,(I Just) Died in Your Arms,Cutting Crew,rock | pop | classic_rock | 80s | british | new_wave,2011,1,2025-10-23,U0001
TRDZSJC12903CD43C4,Turn Up the Silence,Shpongle,electronic | psychedelic | trance,2005,1,2025-10-27,U0005
TRGWRAS128F9330441,Betraying Chino,65daysofstatic,electronic | experimental | post_rock,2004,1,2025-10-26,U0001
TRBEVUV12903CDD13E,Lobotomized,Insect Warfare,metal | grindcore,2009,1,2025-10-27,U0001
TRYGZGR128F42749F4,54-46 Was My Number,Toots and The Maytals,reggae | ska,1984,1,2025-10-22,U0002
TRADFXD128F424694C,Misty Mountains,Richard Armitage,classical | soundtrack | male_vocalists,2012,1,2025-10-22,U0003
TRYWQIE12903D0B8D1,Elden,Lars Winnerbäck,rock | swedish,2014,1,2025-10-21,U0004
TRDRVJA128F4267831,Miniature Disasters,KT Tunstall,indie | pop | female_vocalists | folk | singer_songwriter | british | acoustic | indie_pop,2005,1,2025-10-21,U0004
TRFLIZJ12903CB50E7,When the War Came,The Decemberists,rock | indie | folk | indie_rock | indie_pop | 00s,2006,1,2025-10-21,U0004
TRQECWH128F42267FC,Fragen,Pole,electronic,1998,1,2025-10-27,U0004
TRYZOAQ12903CD43E6,Daisies And Rubies,Ott,reggae,2008,1,2025-10-22,U0004
TRMAAZC12903D03FBB,Lay Down Sally,Eric Clapton,rock | classic_rock | blues | 70s | guitar | blues_rock,1984,1,2025-10-21,U0004
TRZAAYR128F42912EE,This is Mine,Converge,hardcore | metalcore | grindcore,1999,1,2025-10-27,U0001
TRQZHAY128F424E1C4,So Nice (Summer Samba),Bebel Gilberto,lounge,2008,1,2025-10-21,U0002
TRXITAA12903CE7EB2,You Walk Away,Blutengel,electronic,2013,1,2025-10-22,U0001
TRQDUKK128F424D5CF,Revenge Is Sweeter (Than You Ever Were),The Veronicas,pop | female_vocalists | new_wave | love | pop_rock,2005,1,2025-10-28,U0005
TREFXFV128F42806F8,The Way Young Lovers Do,Van Morrison,rock | jazz | classic_rock | folk | singer_songwriter | soul | blues | 60s | love,2015,1,2025-10-24,U0003
TRPARVK128F4245FA9,Waiting Phase Two,Porcupine Tree,progressive_rock,2004,1,2025-10-27,U0005
TRUKPDW128F4298E7B,Your Everything,Keith Urban,country | guitar,1999,1,2025-10-27,U0005
TRAPZYQ128F42926B3,Dead Quote Olympics,The Hives,rock | alternative_rock | punk | indie_rock | punk_rock | 00s | swedish,2004,1,2025-10-25,U0001
TRPZHYT128F93253C4,Devilizer,Vader,death_metal | thrash_metal,2013,1,2025-10-23,U0001
TRIQCVP128F42438E6,"You're the First, the Last, My Everything",Barry White,pop | soul | 70s | love,1975,1,2025-10-21,U0005
TRZGLUM128F9323D74,Respiration,Black Star,rap | hip_hop,1998,1,2025-10-25,U0004
TRPZPVW128F92F11B3,Will You Love Me Tomorrow?,Carole King,pop | female_vocalists | folk | singer_songwriter | piano | 70s,1971,1,2025-10-26,U0004
TRVJHJC128F932DBED,Green Astronauts,A Boy Called Joni,trance,2016,1,2025-10-23,U0004
TRMNLOT128F1473B10,I Ain't Marching Anymore,Phil Ochs,folk | 60s,2006,1,2025-10-27,U0004
TRFEPFQ128EF356BA0,Fly Me To The Moon (In Other Words),Bobby Womack,soul | cover,2005,1,2025-10-21,U0004
TRCQNKF12903CB507B,All Caps,Madvillain,rap | hip_hop,2014,1,2025-10-25,U0003
TRAXRJR128F931FBCE,Reggae Fever,Steel Pulse,reggae,1997,1,2025-10-23,U0005
TRPWLKQ128F1468938,Summer Soft,Stevie Wonder,soul | funk | 70s | rnb,1976,1,2025-10-22,U0002
TRRYNRK12903CC5C57,General Hospital,Syncopix,drum_and_bass,2006,1,2025-10-24,U0005
TRJFEGC128F931C284,The Hard Stuff,The Herbaliser,jazz | trip_hop | downtempo,2002,1,2025-10-24,U0005
TRKJCJG128F42A5DD6,Blows to the Body,Napalm Death,death_metal | grindcore,2002,1,2025-10-26,U0001
TRWSJPN12903CB2CC6,O.N.E.,Yeasayer,electronic | alternative | indie | experimental | indie_rock | psychedelic | american,2011,1,2025-10-21,U0001
TRGHUWY128F423EAA9,Motorway to Roswell,Pixies,rock | alternative | indie | alternative_rock | punk | american | grunge,1991,1,2025-10-21,U0005
TREXKDE128F423C5B8,Autosuggestion,Joy Division,80s | british | new_wave | post_punk,1988,1,2025-10-27,U0005
TRJOXHH12903CF4D44,Ogre Battle,Queen,rock | classic_rock | hard_rock | progressive_rock | heavy_metal | 70s,1974,1,2025-10-21,U0001
TRLWWCT12903CE64C9,Three Times a Fool,Otis Rush,blues | guitar,2012,1,2025-10-21,U0001
TRAHVGE12903CE6B8D,Sabre Dance,Արամ Խաչատրյան,instrumental | classical | russian,2009,1,2025-10-27,U0005
TROWEIE128F934AF4F,Blood Drenched Execution,Cannibal Corpse,death_metal,1998,1,2025-10-26,U0002
TRKDTPD12903CC128C,Train Under Water,Bright Eyes,indie | folk | singer_songwriter | acoustic | mellow,2005,1,2025-10-24,U0001
TRGJPMY128F92EDE2D,Civeta Dei,The Number Twelve Looks Like You,experimental | hardcore | screamo | grindcore,2008,1,2025-10-26,U0003
TROSVKH128F425FAC7,I Can't Let You Go,Ian Van Dahl,dance | trance,2004,1,2025-10-21,U0002
TRQDGGD12903CF3922,Ain Elohim,Celtic Frost,black_metal | death_metal | thrash_metal | doom_metal | gothic_metal | avant_garde,2006,1,2025-10-23,U0001
TRACASH128F931C969,Whatever's Cool With Me,Dinosaur Jr.,rock | alternative | indie | alternative_rock | indie_rock | 90s | grunge | noise,1991,1,2025-10-27,U0003
TRDTURG128F4276BC0,Doctor?,Orbital,electronic | techno | cover,2005,1,2025-10-21,U0003
TRLXCCO128EF365930,Dante's Prayer,Loreena McKennitt,folk | new_age,1997,1,2025-10-25,U0004
TRUPKOK128F93481C7,Huppiaan Aarre,Korpiklaani,metal | death_metal | melodic_death_metal,2009,1,2025-10-22,U0002
TRXNBIQ128F930BBD9,Queen of Hearts,Juice Newton,female_vocalists | 80s | country,2013,1,2025-10-25,U0001
TRNQISM128F932348B,Hanna,Juvelen,electronic | pop | dance | swedish,2008,1,2025-10-22,U0003
TRFVEBC128F934B8D6,Next to Me,Emeli Sandé,pop | female_vocalists | british | soul | love,2013,1,2025-10-24,U0004
TRZAXTC12903CDA467,Let's Go to Bed,The Cure,rock | alternative | pop | alternative_rock | 80s | british | new_wave | post_punk | gothic,2012,1,2025-10-26,U0004
TRLLOOQ128F42871DB,Pop Song,Starfucker,electronic | indie | electro | synthpop,2008,1,2025-10-25,U0005
TRYITQD12903CCAF75,Det var jag,Familjen,electronic | indie | synthpop | swedish,2011,1,2025-10-21,U0002
TRODGTD128F92DCB21,Firehouse,Kiss,rock | hard_rock | heavy_metal | 70s,2008,1,2025-10-26,U0002
TRMDYTH128F933639C,Wrapped Up,Olly Murs,pop | dance | male_vocalists,2015,1,2025-10-23,U0001
TRCVBGN128F4276DE3,Realize,Colbie Caillat,indie | pop | female_vocalists | singer_songwriter | acoustic | love | mellow,2008,1,2025-10-25,U0001
TRPKLWK128F930ED92,Fetus,Pagoda,grunge,2007,1,2025-10-28,U0004
TRPDWAO128F146B1AA,Act Of Love,Neil Young,rock | grunge,1995,1,2025-10-26,U0002
TRILZMH128F932141A,The Fallen,Franz Ferdinand,rock | alternative | indie | alternative_rock | indie_rock | british | post_punk | britpop,2006,1,2025-10-22,U0002
TRPXKSS128F93357CC,Too Young To Love,The Big Pink,indie_rock,2009,1,2025-10-28,U0005
TROCCBK128F42A8872,Plunge,Fever Ray,electronic | experimental | synthpop | idm | dark_ambient | avant_garde,2017,1,2025-10-25,U0004
TRGIMVN12903CFDF99,Everybody Knows This Is Nowhere,Neil Young,rock | classic_rock | 60s,2011,1,2025-10-28,U0005
TRRPAVU128F424E242,Songs We Sing,Matt Costa,folk | singer_songwriter | chillout | acoustic | chill,2006,1,2025-10-21,U0001
TROGQFC128F930AAB0,If It Ain't Broke... Break It,And So I Watch You From Afar,instrumental | post_rock,2009,1,2025-10-27,U0003
TRECNMX128F42AC52D,All 4 One,Kool Savas & Azad,rap | german | hip_hop,2005,1,2025-10-26,U0003
TRUBBDR128F92F9871,balance,砂原良徳,electronic | japanese | downtempo,2002,1,2025-10-25,U0003
TRQIMHF12903CC9BE1,I Walk Alone,Tarja,metal | gothic_metal | gothic | symphonic_metal,2015,1,2025-10-21,U0001
TRBMXDI128F14599C5,Full Control,Snail Mail,rock | alternative | indie | female_vocalists | alternative_rock | indie_rock | indie_pop | pop_rock,2018,1,2025-10-25,U0002
TRXIVWY12903CBA596,All Alone Am I,Brenda Lee,female_vocalists | 60s | oldies,2012,1,2025-10-25,U0001
TRZHZLN128F42902CF,Classic,MKTO,pop,2014,1,2025-10-25,U0002
TRIGMUE12903CF2A21,The 16th Hour,deadmau5,electronic | trance | house | techno | electro,2009,1,2025-10-25,U0003
TROTCHC128F4271050,What A Beautiful Day,Chris Cagle,country,2003,1,2025-10-26,U0005
TRUGQEP12903CD3CA2,Shiver,Coldplay,rock | alternative | indie | pop | alternative_rock | indie_rock | british | beautiful | britpop | mellow,2000,1,2025-10-26,U0002
TRSNIDB128F934F93F,Ugla,Amiina,ambient | instrumental | post_rock,2010,1,2025-10-27,U0003
TRFSWWZ128F426AC0C,Lovely Day,Pixies,rock | alternative | indie | alternative_rock | punk | 90s | american | grunge,1991,1,2025-10-26,U0002
TRLTGSK128F4245682,Solarisphere,Orange Goblin,doom_metal,1999,1,2025-10-26,U0003
TRSIOWL128E0793EC0,Perversion 99,Rob Zombie,metal | instrumental | heavy_metal | industrial | dark_ambient,1998,1,2025-10-21,U0002
TRYJPXU12903CEAC5E,For Real,Okkervil River,indie | folk | indie_rock | 00s,2005,1,2025-10-23,U0003
TRFWCYQ128F9334AF7,6AM,J Balvin,black_metal,2014,1,2025-10-21,U0002
TRWSOGI128F92D12DC,A New Chance,The Tough Alliance,swedish,2007,1,2025-10-24,U0005
TRRDUHI12903CC56EB,Hold Out Your Hand,Nickelback,rock | alternative_rock | hard_rock | grunge,1999,1,2025-10-27,U0002
TRFJWVK128F428BEA4,At First Light,Bolt Thrower,death_metal,2005,1,2025-10-27,U0005
TRWKDPE12903D0A073,Living With Scars,Paradise Lost,doom_metal | gothic_metal,2009,1,2025-10-23,U0004
TRYZTNS128F93617F3,One More Night (Your Ex-Lover Remains Dead),Stars,indie | female_vocalists | indie_pop,2004,1,2025-10-28,U0001
TROLKMA128F4274A30,Phone Home,The Dillinger Escape Plan,hardcore | industrial | metalcore,2004,1,2025-10-25,U0003
TRILKLB128F42623BA,Everything Sux,Descendents,punk | hardcore | punk_rock,1996,1,2025-10-24,U0004
TRBFFEV128F421A066,Mary Melody,Mad Caddies,ska,2010,1,2025-10-25,U0005
TRWKKMZ128F1492D5B,Slide It In,Whitesnake,hard_rock | 80s | heavy_metal,2013,1,2025-10-26,U0004
TREGTBA128F92FA806,See You In My Nightmares,Kanye West,electronic | rap | hip_hop | rnb | 00s | chill,2008,1,2025-10-24,U0001
TRAPYUO128F4278121,On Our Way,Christina Aguilera,pop | female_vocalists | jazz | soul | rnb,2000,1,2025-10-27,U0005
TRRGWJW12903D0CE47,Turning,Suzanne Ciani,piano | new_age,2003,1,2025-10-27,U0005
TRAOREV128F42640FF,Fool for You,Duffy,female_vocalists | soul,2008,1,2025-10-23,U0001
TRGSPDV12903CD564A,Cavalier,James Vincent McMorrow,indie | folk | indie_rock | singer_songwriter | chillout | indie_pop | pop_rock,2014,1,2025-10-21,U0002
TRUGIFK128F4252404,Majesty,Blind Guardian,heavy_metal | thrash_metal | power_metal,1993,1,2025-10-23,U0004
TRJBGIM12903CFE7C6,Come On Now,The Ethiopians,reggae | ska,1968,1,2025-10-21,U0005
TRDFVCJ12903CA3D34,Cassandra,Dennis Brown,reggae,2013,1,2025-10-23,U0003
TRHKLOY128F427B8D9,Carolina Drama,The Raconteurs,rock | alternative | alternative_rock | folk | indie_rock | blues | acoustic | 00s | blues_rock,2008,1,2025-10-24,U0001
TRAFABO128F933DE53,Grottans Barn,Finntroll,black_metal,2004,1,2025-10-23,U0004
TRJQOIW128F9329E58,open the gate,Agonoize,industrial,2006,1,2025-10-28,U0005
TROLBAV128F4267AE4,Offshore,Chicane,electronic | ambient | chillout | trance | lounge | chill,2013,1,2025-10-25,U0003
TRUJKVB128F932EBF2,What I Wouldn't Do,A Fine Frenzy,indie | female_vocalists | singer_songwriter | piano | indie_pop | love,2013,1,2025-10-24,U0004
TRXFYJT128F421C941,I Understand,The Distillers,punk | hardcore | grunge,2002,1,2025-10-23,U0003
TRGVUDO128F92EB221,Toreador,Apocalyptica,metal | instrumental | heavy_metal | classical | symphonic_metal,2003,1,2025-10-26,U0005
TRBSVSB128F93108D6,The Language,Drake,dance | rap | hip_hop,2013,1,2025-10-24,U0002
TRLKDGV128F421A1AE,Rachel's Song,Vangelis,ambient | instrumental | chillout | soundtrack | new_age,2008,1,2025-10-23,U0004
TRGCIEC128F932E722,Go To Sleep,The Avett Brothers,folk | singer_songwriter | country,2007,1,2025-10-21,U0003
TRSWELP128F429229A,Dead Skin Mask,Slayer,metal | heavy_metal | thrash_metal,1990,1,2025-10-23,U0002
TRZNAHR12903CF5350,Provoke,The Ghost Inside,hardcore | thrash_metal | metalcore,2008,1,2025-10-27,U0002
TRUDPNV12903CB0572,Sunshine of Your Love,Cream,rock | classic_rock | blues | psychedelic | 60s | psychedelic_rock | blues_rock,1967,1,2025-10-21,U0001
TRAMNHQ128F4245BCD,If You Need Me,The Rolling Stones,rock | classic_rock | blues | 60s | oldies | cover | blues_rock,1964,1,2025-10-22,U0001
TRFWGYY128F146AD63,You Love It,Peaches,rock | electronic | guitar,2006,1,2025-10-23,U0004
TRMCOJO128F9330F7C,RoboCop,Kanye West,electronic | pop | dance | rap | hip_hop | rnb | 00s,2008,1,2025-10-26,U0002
TRPZNIC128F4281231,Hypodermic,The Offspring,rock | punk | hard_rock | punk_rock | emo,1992,1,2025-10-23,U0001
TRXEPDR128F42803EE,Pictures,System of a Down,rock | alternative | metal | alternative_rock | hard_rock | nu_metal,1998,1,2025-10-28,U0003
TRUEXDR128F934CEE1,Running Free,Iron Maiden,metal | hard_rock | heavy_metal,2013,1,2025-10-21,U0003
TRAAUMJ128F933BDB6,Haunting,Haste the Day,hardcore | metalcore | screamo,2008,1,2025-10-24,U0002
TRDQBNC128F426AEAD,Assassin of the Light,Candlemass,doom_metal,2005,1,2025-10-26,U0001
TRIQJYX128F92FFD53,The Little Bell,Broadcast,electronic | indie | experimental | psychedelic | post_rock | chill,2003,1,2025-10-28,U0004
TROLUSJ12903CAFF28,Anasthasia,Deep Forest,ambient | new_age,1996,1,2025-10-21,U0003
TRFXCXV128F92D17A3,Total Destruction,Bathory,black_metal | thrash_metal,1993,1,2025-10-23,U0001
TRAZRER128F92F53BC,I Don't Want To Change The World,Ozzy Osbourne,hard_rock | heavy_metal,1991,1,2025-10-21,U0004
TROUZGP128F14A2182,Soul One,Blind Melon,rock | 90s | grunge,1996,1,2025-10-27,U0001
TRQEXVY128F14676B3,Arose,Thomas Newman,instrumental | soundtrack,2000,1,2025-10-21,U0003
TRZKKLX128F424EAA7,Hit The Heartbrakes,Black Kids,indie | indie_rock | american | indie_pop | beautiful | 00s | synthpop,2008,1,2025-10-22,U0001
TRSIHTN12903CA87CE,Time Is Tight,Booker T. & the MG's,instrumental | soul | funk | 60s,2009,1,2025-10-22,U0001
TRAHUHJ128F9345F2B,Rampage,Kavinsky,electronic | dance | house | electro | french,2013,1,2025-10-25,U0004
TRAMGTB128F4251586,I Say No,Anna Ternheim,pop | female_vocalists | singer_songwriter | acoustic | swedish,2004,1,2025-10-26,U0001
TRRJELJ128F429DB3A,Third Stream,4hero,electronic | jazz | drum_and_bass,1998,1,2025-10-26,U0005
TRTIQED128F930BD5F,Nothing Ever Dies,Kamelot,heavy_metal | progressive_metal | power_metal | symphonic_metal,2005,1,2025-10-25,U0001
TRAIGVK12903D051C3,Troubles Will Be Gone,The Tallest Man on Earth,folk | singer_songwriter | acoustic,2010,1,2025-10-28,U0001
TRYZSGX128F9329D2E,The Accolade,Symphony X,progressive_metal | power_metal | symphonic_metal,1997,1,2025-10-21,U0002
TRRWVXA128F932E698,Linctus,Aim,chillout | trip_hop | downtempo | lounge,2002,1,2025-10-22,U0005
TRRINMR128F92E4A42,Assassins,Lightning Bolt,experimental | instrumental | noise,2003,1,2025-10-24,U0004
TRRMGNH128E07923CC,Electric Uncle Sam,Primus,rock | progressive_rock | thrash_metal | progressive_metal | funk,1999,1,2025-10-28,U0001
TRFSRML128F92FF55B,Second Bad Vilbel,Autechre,electronic | techno | idm | noise,1995,1,2025-10-27,U0005
TRCEYRI128F9308527,Veni Vedi Vici,Alizée,pop | french,2001,1,2025-10-23,U0003
TRNLALU12903CF43BC,Shoeshine For Neptune,Arsonists Get All The Girls,progressive_metal | grindcore,2007,1,2025-10-28,U0002
TRIUNON128E0786034,We Right Here,DMX,rap | hip_hop,2007,1,2025-10-26,U0005
TRUWANM128F1485EE2,LDN,Lily Allen,pop | female_vocalists | british | britpop | ska,2010,1,2025-10-25,U0003
TRBGEPZ12903CB70AB,Point Break,Seabound,electronic | synthpop,2004,1,2025-10-24,U0004
TRNREHW128E078ECD1,Big City Train,No Doubt,alternative_rock | ska,1992,1,2025-10-27,U0003
TRALASU128E07899DB,Drown Me Slowly,Audioslave,rock | alternative | alternative_rock | hard_rock | american | 00s | grunge,2005,1,2025-10-24,U0001
TREDVUA128F42523EF,Warheart,Children of Bodom,metal | death_metal | melodic_death_metal | power_metal,2012,1,2025-10-23,U0002
TRXIGTK128F930D4B6,Vegas,New Found Glory,punk | emo,2010,1,2025-10-24,U0005
TRRGSFC128F92C542B,The Main Thing,Roxy Music,rock | 80s | new_wave | synthpop,2004,1,2025-10-22,U0002
TRXTHDH128F146A653,Dusk To Dawn,Emancipator,chillout | piano | downtempo | mellow | lounge | chill,2013,1,2025-10-25,U0002
TRRMHEU12903CAC640,Hallowed Be Thy Name,Iron Maiden,rock | metal | hard_rock | 80s | heavy_metal,2013,1,2025-10-27,U0004
TRRPOTW128F4264F80,A Love So Beautiful,Michael Bolton,pop | love,2005,1,2025-10-26,U0003
TRRKMWL128F92F44D5,Schiss,Beginner,german | hip_hop,2003,1,2025-10-22,U0005
TROBIIE12903CE1716,Something Pretty,Patrick Park,indie | folk | singer_songwriter | soundtrack | acoustic | chill,2003,1,2025-10-23,U0001
TRTDLDY12903CF7FF7,Andvari,Sigur Rós,alternative | indie | ambient | experimental | chillout | post_rock | downtempo | beautiful | mellow | chill,2005,1,2025-10-24,U0005
TRTCSID128F9338FC0,The Moan,The Black Keys,rock | blues | blues_rock,2004,1,2025-10-22,U0002
TRXBBHR128F426E2A8,Nos Da Cariad,David Gray,pop | singer_songwriter | british | piano | britpop,2005,1,2025-10-22,U0005
TROIXZN128F930387C,I Know You Want Me,Pitbull,dance | techno,2009,1,2025-10-28,U0002
TRFXKAY128F429940C,He Didn't Have To Be,Brad Paisley,country,2010,1,2025-10-27,U0002
TRRKGRC128F932D8F0,Word Up!,Korn,rock | alternative | metal | cover | nu_metal,2012,1,2025-10-24,U0001
TRKFCUT128E078E942,And Then You Kissed Me,The Cardigans,rock | alternative | pop | female_vocalists | acoustic | swedish,2008,1,2025-10-21,U0005
TRRWWYS128F429EC21,I Should Have Known Better,She & Him,folk | cover | mellow,2008,1,2025-10-22,U0005
TRDGJFN128F9300AB0,Of Dust And Nations,Thrice,rock | punk | progressive_rock | emo | post_hardcore | screamo,2012,1,2025-10-25,U0003
TRPYJPV128F92F1202,Tear Strips Off,Tipper,electronic | ambient | idm,2003,1,2025-10-28,U0001
TRILNPM128F92EBA22,Eye of the Storm,Bullet for My Valentine,metal | heavy_metal | hardcore | thrash_metal | metalcore | screamo,2008,1,2025-10-25,U0003
TRYOLTM128F146367E,Great Spirit,Armin van Buuren,trance,2017,1,2025-10-24,U0005
TRCAEUQ128F4263F01,Polka Power!,Weird Al Yankovic,cover,1999,1,2025-10-22,U0003
TRCXBVM128F42AF93B,Already Home,Thousand Foot Krutch,rock | alternative | alternative_rock | nu_metal,2009,1,2025-10-22,U0005
TRCZMMU12903CBA3F3,William Tell Overture,Gioacchino Rossini,classical,2010,1,2025-10-28,U0004
TRGCBCZ12903CB7077,For Once In Your Life,Hole,rock | alternative | female_vocalists | alternative_rock | indie_rock | grunge,2010,1,2025-10-27,U0001
TRPFLRB128F14A895D,No Cars Go,Arcade Fire,rock | alternative | indie | alternative_rock | indie_rock | beautiful,2007,1,2025-10-26,U0004
TRMJUSG128F932DB65,Statue of Liberty,Descendents,punk | hardcore | punk_rock,1982,1,2025-10-21,U0001
TRRIRWS128F934B52F,Upper Decker,The Red Chord,death_metal | hardcore | metalcore | grindcore | avant_garde,2005,1,2025-10-24,U0003
TRDXKHV128F422AD74,Silent Dance,My Dying Bride,instrumental | death_metal | doom_metal | gothic_metal | gothic,1992,1,2025-10-21,U0001
TRRZSCH128F145A713,This Is My Song,Scorpions,rock | classic_rock | hard_rock | german,1984,1,2025-10-21,U0001
TRTBEWA12903CCD6C8,Over Me,Tricky,soundtrack | trip_hop,2001,1,2025-10-22,U0005
TRENNIM128F92F9951,Wicked Annabella,The Kinks,rock | classic_rock | psychedelic | 60s,1968,1,2025-10-22,U0005
TRDRQEG128F934C21C,Hail The Shrine,Unearth,hardcore | metalcore,2008,1,2025-10-22,U0003
TRCUKQW12903CA77D9,Bad Card,Bob Marley & The Wailers,reggae,2003,1,2025-10-27,U0004
TRBQDAZ128F92FA7F2,I Won't Disagree,Kate Voegele,pop | female_vocalists | singer_songwriter | piano | pop_rock,2007,1,2025-10-27,U0002
TRHYOGR128F92E9336,Laser Beam,Low,post_rock,2001,1,2025-10-24,U0002
TRDEKUL128F428254F,The Crowing,Coheed and Cambria,rock | progressive_rock | progressive_metal | emo,2003,1,2025-10-21,U0004
TRBNXAH128F92DCDA2,St. James Infirmary,Hugh Laurie,blues,2011,1,2025-10-27,U0001
TRZCNRB12903CF5D1A,Legion (Slaughterlord Cover),At the Gates,death_metal | melodic_death_metal,1995,1,2025-10-26,U0004
TRVZZWH128F93151D0,Funnel of Love,Wanda Jackson,soundtrack | 60s | country | oldies,2012,1,2025-10-28,U0003
TRBGAEH12903CB788F,Absolute Space,Koop,electronic | chillout | trip_hop | downtempo | swedish | lounge,1997,1,2025-10-22,U0001
TRULCCX12903D02BA9,Thumbs Up,Kill the Noise,electronic,2012,1,2025-10-27,U0002
TRMZVUS12903CBBB60,Tides (Peshay & Flytronix Remix),A Forest Mighty Black,chillout | downtempo | lounge | drum_and_bass,1998,1,2025-10-21,U0004
TRERQCG128F9310F05,Virtual Diva,Don Omar,hip_hop,2009,1,2025-10-23,U0001
TRNLOUQ128F4262FEC,Everything Sucks,Reel Big Fish,punk | ska,1996,1,2025-10-25,U0005
TRVJFCH128F92EEC51,Matilda Mother,Pink Floyd,classic_rock | progressive_rock | british | psychedelic | 60s | psychedelic_rock,1967,1,2025-10-22,U0005
TRFQDHT128F4277E01,Even Cowgirls Get The Blues,The Gaslight Anthem,rock | punk_rock,2008,1,2025-10-28,U0003
TRAPHGM128F4278969,Ode To Boy,Yazoo,electronic | 80s | new_wave | synthpop,1999,1,2025-10-22,U0001
TRJUIBE128F149C5AC,You Can Count on Me,Panda Bear,indie | ambient | experimental | love | mellow | new_age,2011,1,2025-10-28,U0003
TRYMIDY128F934AB29,Black Magic,Jarvis Cocker,alternative | indie | british | downtempo | britpop,2006,1,2025-10-22,U0005
TRACEAV128F930A3BC,We Are Young,Juveniles,indie_rock | new_wave | post_punk,2012,1,2025-10-23,U0005
TRUKQLF128E079613E,Face To Face,Sevendust,rock | metal | hard_rock | heavy_metal | metalcore | nu_metal,2005,1,2025-10-26,U0002
TRWRTHM128F146E99F,Black Melt,Massive Attack,trip_hop,2006,1,2025-10-22,U0003
TRZVDPP128F428FA15,Everybody Everybody,Black Box,dance | 90s | house,2000,1,2025-10-27,U0002
TRLLKHB128F427AB06,Love For Sale,Bon Jovi,rock | hard_rock | country | guitar,1988,1,2025-10-28,U0001
TRAURHK12903CA60F8,Le Chat Du Café Des Artistes,Charlotte Gainsbourg,indie | female_vocalists | downtempo | french | cover | lounge | chill,2009,1,2025-10-27,U0003
TRLPYWU128F9329D98,The Fluke,Devin Townsend,progressive_metal,2001,1,2025-10-24,U0002
TRRXPCK12903CC4AA3,One Nation Under God,Suicide Commando,industrial,2007,1,2025-10-22,U0005
TRYJXKG128F9329056,Let the Drums Speak,Mighty Dub Katz,electronic | dance | house,2011,1,2025-10-24,U0001
TRUHZBZ12903CBF80F,Behind The Groove,Teena Marie,female_vocalists | 80s | soul | funk,2001,1,2025-10-23,U0005
TRUDWRE128F42211FA,All I Know,Karnivool,progressive_rock | progressive_metal,2010,1,2025-10-22,U0004
TRORSNM128F92EE2C5,Just Can't Get Enough,Depeche Mode,electronic | pop | 80s | new_wave | synthpop,2006,1,2025-10-24,U0001
TRDKFMM128F92DE660,Goblin,"Tyler, the Creator",rap | hip_hop,2011,1,2025-10-21,U0001
TRMFENK12903CC085E,Good For Me,Above & Beyond,ambient | chillout | trance,2008,1,2025-10-27,U0002
TROHTAX12903CEA9CE,Inamorata,Animals as Leaders,instrumental | progressive_metal,2009,1,2025-10-28,U0003
TRNZBJO128F4272708,Above the Earth,If These Trees Could Talk,instrumental | post_rock,2009,1,2025-10-27,U0003
TRTMOEC128F9332356,How It Should Be (Sha Sha),Ben Kweller,indie | singer_songwriter | piano,2002,1,2025-10-24,U0005
TRMTGRC12903CAC603,Homebase,Dzihan & Kamien,ambient | chillout | downtempo | lounge | chill,2016,1,2025-10-22,U0005
TRRQEJK128F92F7605,Chega de Saudade,Antônio Carlos Jobim,jazz,2013,1,2025-10-28,U0004
TRGLFSX128F422C071,Vicarious,Tool,rock | alternative | metal | alternative_rock | hard_rock | progressive_rock | progressive_metal,2006,1,2025-10-24,U0004
TREEIXW12903D0CCAC,Lavender,Marillion,80s | progressive_rock,1992,1,2025-10-27,U0002
TRMIOYP128F92E41DF,I'm Not Sorry,Morrissey,rock | alternative | indie | pop | british | new_wave | 00s | britpop | mellow,2004,1,2025-10-28,U0003
TRFSDSP128F9330ED2,Agenda Suicide,The Faint,electronic | indie | dance | industrial | new_wave | electro | synthpop,2012,1,2025-10-28,U0002
TRIVQLQ12903D0CAA2,Yoruba road,Boozoo Bajou,chillout | downtempo | lounge | chill,2001,1,2025-10-28,U0002
TRBAKKG12903CE896B,What's Left of the Flag,Flogging Molly,folk | punk | punk_rock,2006,1,2025-10-25,U0003
TRRNRQA128F92EED99,Futureworld,Com Truise,electronic | idm,2011,1,2025-10-22,U0004
TRDDCQF128F4221B5E,Oceano,Roberto Cacciapaglia,classical | piano,2011,1,2025-10-26,U0004
TRXGTFA12903D051E8,In Circles,Sunny Day Real Estate,indie | 90s | emo | post_hardcore,1994,1,2025-10-23,U0005
TRHHQQX128F92EC767,Well Well,Jamal,reggae | polish,2008,1,2025-10-28,U0003
TRVMCMS128F427AF64,Velvet Pony,Psapp,electronic | ambient,2004,1,2025-10-26,U0002
TRZRBRV128F42AD2DD,Como Quien Pierde Una Estrella,Alejandro Fernández,guitar,1995,1,2025-10-21,U0004
TRMEGKM128F92E43CD,Glass Ceiling,Metric,rock | indie | female_vocalists | indie_rock,2005,1,2025-10-27,U0001
TROWNYY128F93133A6,I Believe I'll Dust My Broom,Robert Johnson,blues,2013,1,2025-10-22,U0003
TRGFBNP12903CC819E,Maybe Tomorrow is a Better Day,Poets of the Fall,rock | alternative | alternative_rock,2006,1,2025-10-28,U0001
TRVCVGO128F4262D6C,Hot Like Fire,Aaliyah,female_vocalists | rnb,2011,1,2025-10-21,U0004
TROBROL128F427176C,This Trumpet in My Head,Lykke Li,electronic | indie | pop | female_vocalists | singer_songwriter | acoustic | indie_pop | beautiful | swedish,2008,1,2025-10-21,U0005
TRYDLFJ128F424BE28,The Trinity,Sean Paul,hip_hop | reggae,2005,1,2025-10-26,U0001
TRUFJOP12903CAE72A,La Mer,Nine Inch Nails,electronic | ambient | experimental | instrumental | industrial | 90s | piano | beautiful,1999,1,2025-10-27,U0001
TRSDBMA128F92F9495,Gambler,Whitesnake,hard_rock | blues_rock,1984,1,2025-10-28,U0003
TRRIRAA128F149FFAA,Versus,Converge,hardcore | metalcore,2006,1,2025-10-24,U0001
TRBZYEE128F92EF884,Melodia Africana III,Ludovico Einaudi,classical | piano | new_age,2003,1,2025-10-28,U0002
TRLJEQI128EF36782C,Bye Bye Baby,Bay City Rollers,pop | soundtrack | 70s | oldies,2014,1,2025-10-25,U0002
TRCRHLA128F425B112,Upstairs,Psapp,electronic | alternative | indie | female_vocalists | experimental | chillout | post_rock,2006,1,2025-10-27,U0005
TRFNRTA128F92E34E7,It's Ecstasy When You Lay Down Next To Me,Barry White,soul | funk | 70s,2004,1,2025-10-21,U0001
TRGUJUQ128F9308BE4,Don't Cry Sister,J.J. Cale,rock | singer_songwriter | blues | guitar | blues_rock,1979,1,2025-10-28,U0004
TRODAGE128F92EF850,Tracce,Ludovico Einaudi,classical | piano,2004,1,2025-10-22,U0003
TRRFCUL128F9304059,Freddie Freeloader,Miles Davis,jazz,1959,1,2025-10-23,U0004
TRSNTVS12903CE1FE2,The Voyager,Thyrfing,black_metal,2002,1,2025-10-21,U0002
TRNIUCB128F421C803,Unconscious,Sepultura,metal | black_metal | heavy_metal | thrash_metal | grindcore,1998,1,2025-10-21,U0005
TRTFPKD128F931B49F,Apple Blossom,The White Stripes,rock | alternative | indie | alternative_rock | indie_rock | 00s | blues_rock,2000,1,2025-10-23,U0003
TRXRVPE12903CDB65A,Anger Management,Lovage,experimental | chillout | trip_hop | downtempo | lounge | chill,2001,1,2025-10-23,U0003
TRJBDXP128F930851A,Outsider,Green Day,rock | punk | hard_rock | punk_rock | cover,2001,1,2025-10-28,U0001
TRLKPGB128F423EA9D,Sit Down,James,alternative | indie | 80s | british | 90s | indie_pop | britpop,1998,1,2025-10-22,U0005
TRZCEYZ12903CDCF4D,Immanuel (The Challenger),For Today,metalcore,2009,1,2025-10-25,U0002
TRUFZNL12903CDF97C,Self Immolation,Fear Factory,metal | death_metal | industrial | thrash_metal,1992,1,2025-10-27,U0004
TRXOOQE128F42559FF,Beams,Tape,electronic | ambient | experimental | post_rock,2009,1,2025-10-21,U0001
TRGRZCG128F145CB85,Como Estais Amigos,Iron Maiden,heavy_metal,1998,1,2025-10-23,U0003
TRPTWJT128F422F239,When Broken Is Easily Fixed,Silverstein,hardcore | emo | post_hardcore | screamo,2003,1,2025-10-28,U0001
TRADTYF128F935FD1B,King Kong,Curren$y,rap | hip_hop | chill,2017,1,2025-10-27,U0005
TRLBWEW12903CFC1B3,Die Another Day,Madonna,electronic | pop | female_vocalists | dance | soundtrack | 00s,2013,1,2025-10-22,U0003
TRXIHCK128E079699E,Way Over Yonder In The Minor Key,Billy Bragg,folk | acoustic | cover,2012,1,2025-10-24,U0005
TRCZIXM128F4299B44,Montage,Massive Attack,electronic | chillout | soundtrack | trip_hop | downtempo,2005,1,2025-10-26,U0005
TRDVPKR128F9319057,Brainbow,Solar Fields,trance,2007,1,2025-10-22,U0003
TREGHKN128F429E99E,Deeper Into Movies,Yo La Tengo,alternative | indie_rock | 90s | indie_pop | mellow,1997,1,2025-10-24,U0002
TRFLOVK128F14696AD,Rock'n Roll,Daft Punk,electronic | dance | 90s | house | techno | electro | french,1997,1,2025-10-27,U0003
TRLHOIX128F933DAEF,Dirty Life,Ima Robot,electronic | alternative | indie | alternative_rock | indie_rock | funk,2003,1,2025-10-21,U0004
TRLTUKJ128F4248436,Romeo a Go-Go,Every Time I Die,hardcore | metalcore | post_hardcore | screamo,2003,1,2025-10-27,U0005
TRGTLVR128F428BCC0,Dog Door,Tom Waits,rock | alternative | industrial | blues | blues_rock,2006,1,2025-10-23,U0004
TRUYSSO12903CA71B8,The Breaks,Planningtorock,electronic | experimental | synthpop,2011,1,2025-10-23,U0002
TRFNHBO128F92F1D3B,Lalita,The Love Language,trance,2009,1,2025-10-23,U0001
TRQLFUT128F428136B,There and Back Again,Daughtry,rock | hard_rock,2006,1,2025-10-24,U0002
TRBYTQP128F92D2B07,Snitch to the Suture,Star Fucking Hipsters,female_vocalists | punk | ska,2008,1,2025-10-24,U0001
TRTUMEF12903CF59C6,Inner Incineration,Napalm Death,death_metal | grindcore,1990,1,2025-10-23,U0003
TRPDBAB128F4263859,Diggin' On James Brown,Tower of Power,soul | funk,1995,1,2025-10-21,U0001
TRQSOKF128F9360BA0,Needles & Pins,Ramones,punk | punk_rock | cover,1990,2,2025-10-25,U0002
TRAEBPG128F14AA0DA,Jambalaya (On The Bayou),Hank Williams,country,2009,5,2025-10-26,U0001
TRYPSOG128F423992D,Padre Nuestro,Brujeria,death_metal | grindcore,1995,2,2025-10-27,U0003
TROJLLU128F93443B3,Miel,Arca,experimental | dark_ambient,2017,3,2025-10-27,U0002
TRZBLRW128F9302BC3,Can't Get Over,September,dance | swedish,2007,3,2025-10-26,U0004
TRAKBNF128F421E560,Cello,Slowdive,ambient | instrumental | post_rock | post_punk,2012,5,2025-10-21,U0004
TRDXXSM128E0792206,Funkytown,"Lipps, Inc.",dance | 80s | funk | 70s,2010,4,2025-10-23,U0003
TRDXPMS128F934B6D4,Rapid Fire,Judas Priest,metal | hard_rock | 80s | heavy_metal,1980,2,2025-10-26,U0003
TRHKRUE128F4258459,Undead Son,Tarot,metal | heavy_metal | power_metal,2003,5,2025-10-28,U0003
TROHLGB128E0789D32,The Lovecats,The Cure,rock | alternative | indie | pop | alternative_rock | 80s | british | new_wave | post_punk,2013,3,2025-10-28,U0002
TROSQYZ128F92DACFC,Earth Story,Nicholas Gunn,instrumental | new_age,2013,2,2025-10-22,U0005
TRRVJAB128F931C30F,Your Attention,Blue Man Group,electronic | alternative_rock | experimental | avant_garde,2003,2,2025-10-22,U0002
TRRTMGX128F9331F7B,Constant,Dark Tranquillity,death_metal | melodic_death_metal,2005,5,2025-10-27,U0001
TRGCYTK128F92D2F98,Love Don't Live Here Anymore,Rose Royce,soul | funk | 70s,2013,5,2025-10-23,U0001
TRAOMOE128F42696DA,Crossing the Triangle of Flames,Darkthrone,black_metal,1993,4,2025-10-24,U0005
TRXDTWX128E078F61A,Still Trying,Midtown,punk_rock,2002,3,2025-10-24,U0005
TRCUWBG128F93027A7,Swimming Pool,Camera Obscura,indie | indie_pop | guitar | britpop,2001,4,2025-10-21,U0005
TRDCFQQ128F4284308,Let Me Go Home,Camera Obscura,indie | indie_pop,2003,5,2025-10-23,U0003
TRGEZFW128F147FD21,We're So Far Away,MAE,piano | emo,2005,4,2025-10-27,U0005
TRMIFBS128F4240E04,A Different City,Modest Mouse,rock | alternative | indie | alternative_rock | indie_rock | indie_pop | emo | 00s,2000,5,2025-10-27,U0004
TRUCHMO128F9300A93,Flip Ya Lid,Nightmares on Wax,electronic | ambient | chillout | reggae | trip_hop | downtempo | lounge | chill,2010,3,2025-10-25,U0005
TRMPKHZ128F9300224,Chestnut Mare,The Byrds,rock | classic_rock | folk | 60s | country | oldies,2003,5,2025-10-25,U0005
TRDASHB128E0792472,Used To Love Her,Guns N' Roses,rock | classic_rock | hard_rock | 80s | heavy_metal,1987,5,2025-10-27,U0005
TRYMIDY128F934AB29,Black Magic,Jarvis Cocker,alternative | indie | british | downtempo | britpop,2006,5,2025-10-21,U0005
TROPNCR128F428B856,Dry Your Eyes,The Streets,indie | british | rap | hip_hop | love | beautiful | 00s | mellow,2004,2,2025-10-26,U0004
TRGXIOR12903CEDCCD,The Ones,Aesthetic Perfection,industrial,2008,5,2025-10-23,U0005
TRDUGGA128F428A9CD,Black Man,Stevie Wonder,soul | funk,1976,5,2025-10-22,U0004
TRTIDVJ128EF33F184,Amanita,Animal Collective,psychedelic,2012,5,2025-10-27,U0001
TRSDXFR128F92D3220,Ranking Full Stop,The Beat,ska,2012,2,2025-10-28,U0003
TRURIBU128F148C813,The Melody Of A Fallen Tree,Windsor For The Derby,indie | soundtrack | post_rock,2006,2,2025-10-26,U0005
TRRRDCO128F1455B66,Mornings Eleven,The Magic Numbers,alternative | indie | indie_pop | love | 00s,2005,4,2025-10-27,U0004
TRAJGRW12903CF3F03,Love Bites,Def Leppard,rock | classic_rock | hard_rock | 80s | heavy_metal,2013,2,2025-10-26,U0001
TRXHFAD128F42352E1,Krieg,Deichkind,electronic | german | electro,2006,5,2025-10-24,U0001
TRGOJNK128F92F2A03,The Technicolor Phase,Owl City,electronic | pop | soundtrack | electro | indie_pop | love | synthpop | mellow,2010,4,2025-10-24,U0001
TRJNUMK128F4245093,She Smiled Sweetly,The Rolling Stones,rock | classic_rock | 60s | psychedelic_rock,1967,2,2025-10-23,U0001
TRAEUFF128F424EAAF,I've Underestimated My Charm (Again),Black Kids,indie | indie_pop,2008,4,2025-10-27,U0005
TRQJGOJ128F1466AA7,Dog It,Digable Planets,jazz | hip_hop | funk | chill,1994,2,2025-10-21,U0002
TRBHTGQ12903CCC046,Angel of Harlem,U2,rock | pop | classic_rock | 80s,1988,2,2025-10-21,U0002
TRECGSC128F930510E,Dracula Mountain,Lightning Bolt,experimental | hardcore | post_punk | noise,2003,5,2025-10-23,U0002
TRXOPIO128F934B97D,Seminar,The Red Chord,metalcore | noise | grindcore,2007,5,2025-10-27,U0004
TRCSNKA128F4298F10,Hong Kong,Gorillaz,electronic | alternative | ambient | british | chillout | trip_hop | electro | downtempo | beautiful | mellow | chill,2007,4,2025-10-24,U0004
TRINTUT128F92E69FD,Say Yes,Elliott Smith,rock | alternative | indie | folk | indie_rock | singer_songwriter | 90s | acoustic | american | indie_pop | love | beautiful | mellow | chill,1997,5,2025-10-23,U0001
TRJBHPW128F428B53E,Sexfaldur,Amiina,ambient | instrumental | post_rock,2007,5,2025-10-21,U0004
TRIUTRA128F425A42A,"Hello, I Love You",The Doors,rock | classic_rock | psychedelic | 60s | psychedelic_rock,2006,2,2025-10-28,U0004
TRFGOXJ128F42507E1,Dragondawn,Dragonland,instrumental | power_metal | symphonic_metal,2014,3,2025-10-28,U0002
TRCSTPQ128F427F52E,Blanc,Sylvain Chauveau,ambient | piano,2012,2,2025-10-27,U0002
TRCCVSJ128F934B8DD,Love Me Like You,The Magic Numbers,indie | indie_rock | indie_pop,2008,4,2025-10-26,U0001
TRIPTPU12903CC3A72,Running Away,Hoobastank,rock | alternative | alternative_rock | punk | hard_rock | punk_rock,2010,3,2025-10-26,U0005
TROMUUH128F92C7D43,Numbers,FKA twigs,electronic | alternative | female_vocalists | ambient | experimental | soul | psychedelic | trip_hop | indie_pop | rnb | downtempo | idm | chill | avant_garde,2014,4,2025-10-21,U0002
TRVKLXM128F42338F0,Untold Stories,Buju Banton,reggae,1995,3,2025-10-21,U0003
TREOLMK128F4291BD9,Barra Edinazzu,Nile,death_metal,1998,2,2025-10-21,U0004
TRELPGE128F9338B1D,Queen Jane Approximately,Bob Dylan,rock | classic_rock | folk | singer_songwriter | blues | 60s | beautiful | blues_rock,1965,3,2025-10-23,U0003
TRJFBZM128F426BA9F,Stripper,Sohodolls,dance | electro,2013,4,2025-10-22,U0005
TRTACBX128F4295298,For a Few Dollars More,Ennio Morricone,instrumental | classical | soundtrack,2012,4,2025-10-27,U0001
TRIPRKN12903CE4300,Resonance,Insomnium,instrumental | death_metal | acoustic | melodic_death_metal,2004,4,2025-10-24,U0002
TRDVYNE128F1487D3B,Get Myself Into It,The Rapture,electronic | indie | indie_rock | dance | post_punk | 00s,2006,3,2025-10-21,U0001
TRAZDBE128F14A3578,Hard Man Fe Dead,Prince Buster,ska,2016,3,2025-10-28,U0004
TRIRXAW128F92F09EE,Bike,Pink Floyd,classic_rock | experimental | progressive_rock | british | psychedelic | 60s | psychedelic_rock,1971,5,2025-10-21,U0003
TRWRNCX128F4261CA3,Headshot!,MyChildren MyBride,metalcore,2008,2,2025-10-22,U0002
TRQWIWC128F92D4C55,21st Century,Red Hot Chili Peppers,rock | alternative | alternative_rock | funk,2006,5,2025-10-21,U0002
TRBMZDT12903CB289A,Tides of Chaos,Enslaved,black_metal | progressive_metal,2006,3,2025-10-26,U0005
TRWXJQF128F429C6A7,Bloodbeat,Patrick Wolf,electronic | indie | singer_songwriter | british | male_vocalists,2003,2,2025-10-21,U0003
TRARANL128F1478789,Drones,Rise Against,punk | hardcore | punk_rock,2012,3,2025-10-23,U0005
TRMENOM12903CB5C57,Junior Painkiller,Depeche Mode,electronic | instrumental | new_wave | synthpop,1997,2,2025-10-23,U0002
TRLLBJZ128F932ECB1,Sweet 16,Green Day,rock | punk_rock,2012,4,2025-10-28,U0001
TRSRFSN128F9330162,Stratos,Jonn Serrie,ambient | new_age,2002,3,2025-10-28,U0002
TRPKAQW128F1488A78,Without A Kiss,Badly Drawn Boy,indie | singer_songwriter | piano | britpop,2006,4,2025-10-27,U0001
TRATNOI128F93414F8,Geständnis,Feindflug,industrial,2009,3,2025-10-23,U0003
TRMIQXP128F427ACCF,Grist,Drumcorps,grindcore,2006,3,2025-10-27,U0004
TRTJYNI128F14792EC,Taivas Palaa,Ruoska,metal | black_metal,2006,5,2025-10-26,U0003
TRRVUCK128F429E9B5,American Flag,Cat Power,indie | female_vocalists | folk | singer_songwriter,1998,3,2025-10-25,U0002
TRDSOTL128F92F29A3,What Have You Done for Me Lately,Janet Jackson,pop | dance | 80s | rnb,2009,3,2025-10-22,U0001
TRQBGPJ128F92C4DE4,Scribble,Underworld,electronic | techno | downtempo | idm | britpop | drum_and_bass,2010,4,2025-10-25,U0002
TRUNYZG128F4284491,Palm of Your Hand,Cake,rock | alternative | alternative_rock | jazz | indie_rock,2004,3,2025-10-23,U0005
TRIPTUT128F428F9FB,Composure,Warpaint,indie | female_vocalists | psychedelic | psychedelic_rock,2010,4,2025-10-27,U0002
TRCLZRL128F92F9032,WHITE DOVE,Scorpions,rock | classic_rock | hard_rock | heavy_metal | german | cover,1995,3,2025-10-22,U0004
TRXFBQG128F932CA69,Sunshine,Mos Def,soul | rap | hip_hop | funk | piano | chill,2004,2,2025-10-21,U0005
TRLOPMM128F1484AB5,"Wait, Wait, Wait",The Format,rock | alternative | indie | indie_pop | britpop,2003,5,2025-10-23,U0003
TRSDGGQ128E078BE04,Not Addicted,The Streets,electronic | british | rap | hip_hop | 00s,2004,2,2025-10-23,U0005
TRYCHIO128F145BA26,Spanish Air,Slowdive,mellow,1991,4,2025-10-25,U0003
TRJBXPE128F427FF94,Quasar Waves,Samael,black_metal,2007,4,2025-10-21,U0002
TRAIUCP12903CE7F87,Double Vision,Foreigner,rock | classic_rock | hard_rock | 80s | 70s,2007,4,2025-10-21,U0001
TRHUSEC128F14ADCA5,Paper Hanger,mewithoutYou,rock | alternative | indie | post_hardcore,2004,2,2025-10-27,U0003
TRUOKYS12903CEA5AA,James River Blues,Old Crow Medicine Show,folk | country,2006,2,2025-10-22,U0004
TRTJQLR128E0788AED,Playground Love,Air,electronic | ambient | chillout | soundtrack | trip_hop | downtempo | love | beautiful | french | mellow | lounge | chill,2004,2,2025-10-23,U0003
TROOUJN128F92DFCCF,Polar,Swarms,ambient,2011,2,2025-10-24,U0005
TROKZSP12903CA58E4,Make Me Believe,Godsmack,rock | metal | hard_rock | heavy_metal | nu_metal,2003,2,2025-10-26,U0005
TRZDPBL128F428DAD1,Keep on Walking,Scouting for Girls,indie | pop_rock,2008,2,2025-10-27,U0003
TRFWKEE128F42B8F39,Im Namen der Freundschaft,Sportfreunde Stiller,rock | alternative | german,2004,3,2025-10-22,U0005
TRXGWZE128F429DB94,Move Away,The Killers,rock | alternative | indie | alternative_rock | indie_rock | soundtrack,2007,4,2025-10-26,U0002
TRDJVSO128E078B632,Tales of the Future,Vangelis,electronic | ambient | soundtrack | new_age,1994,2,2025-10-21,U0004
TRTWCPY128F9307F1B,Maetl,Autechre,electronic | idm,1993,3,2025-10-23,U0003
TRPNBOB128F9337DF8,Falling In,Lusine,electronic,2004,2,2025-10-28,U0003
TRFPLAL128F93453F2,Rock Star,Hole,grunge,2010,5,2025-10-23,U0004
TRTUIJC128F9301D3C,Consummation,Trent Reznor and Atticus Ross,dark_ambient | noise,2014,2,2025-10-22,U0003
TRMTIEX12903D073B0,Bentley's Gonna Sort You Out,Bentley Rhythm Ace,electronic | dance | trip_hop | lounge,1997,3,2025-10-26,U0003
TRWKZAE128F932FC66,Funky Shit,The Prodigy,electronic | dance | british | industrial | 90s | techno,1997,3,2025-10-27,U0004
TRHNWAG12903CDD133,Hydraphobia,Insect Warfare,grindcore,2009,4,2025-10-24,U0005
TRVWDBV12903CEACE0,City Noise,Scarling.,rock | alternative | female_vocalists | alternative_rock | gothic | noise,2006,4,2025-10-25,U0004
TRAMLQM128E079234C,Duchess And The Proverbial Mind Spread,Primus,rock | alternative,1998,3,2025-10-25,U0004
TRMAWZQ128E07915C5,Johnny Come Lately,Steve Earle,country,1996,5,2025-10-26,U0004
TRBFYNY128F92F8755,Your Love Is My Drug,Ke$ha,electronic | pop | female_vocalists | dance | love,2010,2,2025-10-26,U0003
TRAUMIT128F424DA18,Dope Nose,Weezer,rock | alternative | alternative_rock | punk | indie_rock | emo | 00s,2002,5,2025-10-26,U0001
TRSDSME12903CD9D1E,See the Light,Sparklehorse,rock | indie,2006,3,2025-10-28,U0003
TRAQJNF128F14961A1,Comfort Me,Feist,indie | female_vocalists | folk | indie_rock,2011,2,2025-10-24,U0003
TRXRTET12903CCEBCB,Ancestors,Björk,electronic | alternative | female_vocalists | ambient | experimental | piano | trip_hop | 00s | avant_garde,2004,4,2025-10-28,U0003
TRBHNMX128F427C2A4,Nothing Nowhere,Jakalope,rock | industrial,2005,2,2025-10-24,U0003
TRDYXFY128F148B2DA,Scissor Lock,dredg,progressive_rock,2002,4,2025-10-24,U0003
TRCPLDY128E0791F79,The Last Song,The All-American Rejects,rock | alternative | punk | punk_rock | emo | love,2002,2,2025-10-25,U0004
TRHWSAF128F427A49D,Dead Pool,Mission of Burma,post_rock | post_punk,1982,3,2025-10-24,U0005
TRISXLW128F934BFCA,Painless,MAE,rock | indie | emo,2005,2,2025-10-26,U0003
TRFLNCL12903CB7E86,My Bloody Valentine,Good Charlotte,rock | punk | punk_rock | pop_rock,2000,4,2025-10-24,U0005
TRGYCRC128F933321E,Do You Love What You Feel,Rufus,soul | funk,2000,5,2025-10-21,U0004
TRCRUVP128F42B101E,Say Yeah,Wiz Khalifa,rap | hip_hop,2008,2,2025-10-25,U0003
TRZSDDA128E079263E,Captain Shiner,Primus,alternative_rock | instrumental | progressive_rock | psychedelic_rock,1995,4,2025-10-21,U0003
TRLPNFM128F9328881,Wrong Turn,Jack Johnson,folk | singer_songwriter | soundtrack | acoustic | guitar | mellow | chill,2006,2,2025-10-28,U0002
TRRVGJQ12903CA9221,Provision,August Burns Red,metalcore | progressive_metal | melodic_death_metal,2013,5,2025-10-28,U0004
TRROPQK128F9324F59,Yeah Yeah Yeah La La La,Calvin Harris,electronic | house | electro,2009,2,2025-10-23,U0003
TRDAZEW12903CA93B9,Under the Milky Way,The Church,alternative | alternative_rock | 80s | soundtrack | new_wave | post_punk,2012,3,2025-10-26,U0004
TRKREKL128F92DC9A1,The Kid from Red Bank,Count Basie,jazz,2012,2,2025-10-23,U0003
TRJIEML12903CABB25,Long Distance Runaround,Yes,classic_rock | progressive_rock | 70s,2002,4,2025-10-26,U0003
TRCDIBP12903CB633B,Your Father,The Radio Dept.,indie | swedish,2003,5,2025-10-28,U0003
TROBCFE128F426F5D2,Leistung,Nachtmahr,industrial,2008,2,2025-10-23,U0002
TRIZDEA128F932FAB2,Journey Inwards,LTJ Bukem,chillout | drum_and_bass,2002,4,2025-10-25,U0003
TRITNCE128F92FFAB0,Worn Out Blues,Gotye,electronic | alternative | indie | indie_rock | singer_songwriter | post_rock,2006,3,2025-10-25,U0001
TRYVQOF128F42569A2,Carry On Up The Morning,Babyshambles,indie | indie_rock | british | post_punk | britpop,2007,2,2025-10-24,U0002
TRPOAAL128F145693F,Spun,Chelsea Wolfe,rock | electronic | pop | female_vocalists | metal | classic_rock | ambient | punk | black_metal | dance | 80s | death_metal | heavy_metal | hardcore | british | soul | classical | rap | 90s | metalcore | japanese | hip_hop | funk | trance | house | techno | 70s | 60s | melodic_death_metal | power_metal | emo | post_hardcore | beautiful | french | gothic_metal | russian | noise | swedish | screamo | symphonic_metal | grindcore | nu_metal | j_pop | polish | new_age,2017,2,2025-10-28,U0001
TRFXFBT128F92FA0E6,Man On The Run,"Dash Berlin with Cerf, Mitiska & Jaren",trance,2012,5,2025-10-24,U0002
TRIJEJS128F427B264,I.D.I.O.T.,Mudvayne,metal | industrial | nu_metal,2001,4,2025-10-24,U0003
TRBOBFL12903CA60EF,White Roses,Charli XCX,synthpop,2017,4,2025-10-23,U0004
TRTHDSR128F93218C4,Don't Fall Asleep (Horror Pt. 2),Swallow the Sun,death_metal | doom_metal,2007,3,2025-10-28,U0003
TRINTZF12903CC175E,Message To Love,Jimi Hendrix,rock | classic_rock | blues | psychedelic | 60s | psychedelic_rock | guitar | blues_rock,1970,3,2025-10-27,U0001
TRUEEKW12903CA5CDB,Big Brother,Stevie Wonder,soul | funk,2005,2,2025-10-22,U0005
TRIQKRT128F149D946,Science Fiction,Rufio,alternative | punk | screamo,2003,4,2025-10-26,U0001
TRFFAHO128F9316F9D,Gonna Make You Sweat (Everybody Dance Now),C+C Music Factory,electronic | pop | dance | 90s | house,2011,4,2025-10-25,U0001
TRRSGMW128F42223E0,Red Harvest,Bloodsimple,metal | metalcore | trance | nu_metal,2007,3,2025-10-23,U0005
TRLXHIH12903CD4E1F,Coward,Hans Zimmer,instrumental | soundtrack,2014,5,2025-10-22,U0004
TREQFHS128F42378EC,The Way That He Sings,My Morning Jacket,rock | indie | ambient | country | guitar | mellow,2006,3,2025-10-24,U0005
TRFPBMG128F14639A5,Somewhere Out There,Our Lady Peace,rock | alternative | alternative_rock | 90s | love | 00s | mellow,2006,5,2025-10-28,U0004
TRZAVZT128F427D32D,Fallowfield Hillbilly,The Courteeners,alternative | indie | jazz | indie_rock | blues | britpop,2008,4,2025-10-26,U0004
TRGOLMO128EF35161F,I Hung My Head,Johnny Cash,folk | singer_songwriter | country | cover,2006,3,2025-10-22,U0005
TRLZYBB128F424B872,Goodbye My Love Goodbye,Demis Roussos,70s,2011,2,2025-10-28,U0005
TRJUFHB128F4292DFD,Execution Day,The New Pornographers,pop | indie_rock,2000,3,2025-10-26,U0003
TRRIKGU12903CDF321,Immolation,Thy Art Is Murder,metal | death_metal,2012,4,2025-10-22,U0001
TRJCYEW128F934B883,Visdomsord,Lifelover,black_metal | avant_garde,2009,2,2025-10-23,U0001
TRRIOMP128F145F8CC,Now That The Magic Has Gone,Joe Cocker,rock | classic_rock | blues | blues_rock,1992,3,2025-10-26,U0005
TRZQPCY128F4276CB4,Birth Ritual,Soundgarden,grunge,2010,5,2025-10-24,U0005
TRGPMSB12903CE0A45,Longevity,Yeasayer,indie | experimental | folk | psychedelic | american,2012,5,2025-10-23,U0005
TRATOTF128F92E4CF1,Our Beast,Ari Koivunen,heavy_metal | power_metal | dark_ambient | grindcore,2007,5,2025-10-23,U0005
TRTSJKO128EF343302,"We Will Vacation, You Can Be My Parasol",Be Your Own Pet,rock | indie | punk | indie_rock | post_punk,2006,3,2025-10-26,U0001
TRARZAU128F92F978E,The World Is Full Of Crashing Bores,Morrissey,rock | alternative | indie | british | indie_pop | emo | love | 00s | britpop | mellow,2004,5,2025-10-27,U0005
TRXFHFY12903CB139C,You And I,Ingrid Michaelson,indie | pop | female_vocalists | singer_songwriter | acoustic | indie_pop | love | mellow,2009,2,2025-10-27,U0004
TRFWGNG128F92F3B58,Königin,Faun,folk | german,2009,3,2025-10-22,U0005
TRPFIGZ128F92F0315,Marknadsvisan,Finntroll,black_metal,2004,4,2025-10-28,U0004
TRXCDAD128F93318EC,Warum?,Die Apokalyptischen Reiter,metal | death_metal | melodic_death_metal,2003,3,2025-10-27,U0002
TRWETTV128F42680C3,Honky Tonk Badonkadonk,Trace Adkins,country,2012,5,2025-10-25,U0001
TRHNPQY128F4260387,Rekkit,Death in Vegas,electronic | trance | trip_hop | techno,1997,4,2025-10-23,U0004
TRILNJR128F931FA07,Rodeo,Lil Nas X,rap | hip_hop | country | male_vocalists,2019,2,2025-10-21,U0005
TRVLSFN128F92DE6A4,Asian Hooker,Steel Panther,female_vocalists | metal | hard_rock | heavy_metal,2009,2,2025-10-25,U0005
TRUQPSV128F429A6D5,We're Forgiven,The Calling,rock | pop_rock,2001,4,2025-10-27,U0002
TRHOANO128F93269FD,As I Rise,The Decemberists,indie | folk | indie_rock | chillout | indie_pop | downtempo | 00s,2003,3,2025-10-21,U0004
TRDLMDT128F932DA75,The Virus Has Been Spread,Atari Teenage Riot,noise,1999,2,2025-10-26,U0001
TRMRSTA128F931B0A6,Insomniac Olympics,Blockhead,electronic | instrumental | chillout | hip_hop | trip_hop | downtempo | chill,2003,3,2025-10-22,U0002
TRCPKWF12903D04AC1,Homecoming,The Teenagers,electronic | indie | new_wave | electro | french,2008,5,2025-10-26,U0002
TRDOMXA12903CE8814,Angel of Babylon,Avantasia,power_metal | symphonic_metal,2010,5,2025-10-25,U0003
TRFRITI12903CB5001,There She Goes,The La's,rock | alternative | indie | pop | indie_rock | 80s | british | 90s | britpop,2010,3,2025-10-23,U0002
TRIWITY128F934B95C,It Runs In The Family,The Red Chord,metalcore | grindcore | avant_garde,2008,4,2025-10-23,U0004
TRJQMGV128F42854D9,"No Shoes, No Shirt, No Problems",Kenny Chesney,country,2012,5,2025-10-28,U0001
TRJSFTF128F146825B,Door,Caroline Polachek,experimental | downtempo | avant_garde,2019,5,2025-10-23,U0002
TRBPEMX128F42B643C,Mama's Pearl,The Jackson 5,soul | funk,1971,2,2025-10-26,U0002
TRENAYM12903CDD066,Diatribes,Napalm Death,death_metal | grindcore,2003,2,2025-10-24,U0005
TRXEYZJ128F93172FA,Legion,1349,black_metal,2003,4,2025-10-24,U0002
TRYOMSL128F932BD71,The Escape Artist,OSI,progressive_rock | industrial | progressive_metal,2009,2,2025-10-22,U0005
TRUQDZW128F9316A80,Ringer,Four Tet,electronic | techno,2008,4,2025-10-22,U0003
TRXVCAO128F14916D5,(I Know) I'm Losing You,The Temptations,soul | 60s | rnb | oldies,1967,4,2025-10-22,U0001
TRXIVCO128F931D863,Young Love,Chris Brown,soul | rnb,2006,3,2025-10-22,U0002
TRJNFSZ128F4289D53,Future Foe Scenarios,Silversun Pickups,rock | indie | indie_rock | love | 00s,2006,2,2025-10-22,U0002
TRSMKRG12903CEC2D6,Just Fine,Chris Brown,rnb,2006,2,2025-10-23,U0001
TRFZIKD128F1465640,Le Moulin,Yann Tiersen,instrumental | classical | soundtrack | piano | beautiful | french,2001,3,2025-10-23,U0005
TRHGNIJ128EF35C74D,Prefab,Thomas Fehlmann,electronic,2004,2,2025-10-23,U0005
TRHJHIE128F934F64E,Test of Time,Temples,rock | indie_rock | psychedelic | psychedelic_rock,2014,5,2025-10-24,U0004
TRGDRTZ128F92E6CB9,Shabda,Mike Oldfield,instrumental | classical | new_age,2008,5,2025-10-22,U0002
TRQSIVT128F426B99E,Bluebell,Babes in Toyland,rock | alternative | punk | grunge,1992,5,2025-10-25,U0004
TRKHLDT128F426808F,The Joke's On Me,Reel Big Fish,ska,2005,2,2025-10-27,U0003
TRCFNMH12903CF8CB0,Diamondback,Mekka,trance,2000,3,2025-10-23,U0004
TRAJRLN128F423571A,Dignity,Bullet for My Valentine,metal | heavy_metal | hardcore | metalcore,2010,4,2025-10-22,U0002
TRZAASK128F930DAFC,Airborne,Jaga Jazzist,jazz,2001,4,2025-10-21,U0001
TRIYLAL128F9301DB9,Guy Who Got a Headache and Accidentally Saves the World,The Flaming Lips,indie | alternative_rock | indie_rock | psychedelic | psychedelic_rock | grunge,1995,3,2025-10-27,U0001
TRWBGEN128F42993A5,Look What You're Doin' to Me,Jazzanova,chillout | lounge,2008,3,2025-10-28,U0003
TRJJHSJ128F42818B6,Take It Away,The Used,rock | alternative | alternative_rock | punk | hardcore | punk_rock | emo | post_hardcore | screamo,2004,3,2025-10-27,U0005
TRFPCUX128F149DA55,Newborn,Elbow,alternative | indie | indie_rock | progressive_rock | beautiful | britpop,2017,5,2025-10-26,U0004
TRJKUXJ128F9320128,Parlez-moi d'amour,Lucienne Boyer,french,2008,5,2025-10-25,U0005
TRXASKT128F92F2D0F,Five O'Clock World,The Vogues,pop | soundtrack | 60s | oldies,1995,2,2025-10-21,U0002
TRPFUIH128F92EDE15,Kuu,Pan Sonic,electronic | experimental,2001,4,2025-10-23,U0005
TRYFXLM128F934650D,Your Ghost,Piano Magic,indie | noise,2005,2,2025-10-21,U0003
TRDEHJY128F9342584,Edge of Seventeen,Stevie Nicks,rock | female_vocalists | classic_rock | 80s,2014,4,2025-10-28,U0001
TRMFWUA128F423EBD4,The Three Shadows Part 1,Bauhaus,gothic,1982,3,2025-10-24,U0003
TRSCWOR128F4219FE1,Sad Reggie,Mad Caddies,ska,1997,2,2025-10-27,U0004
TRPTYYL128F429F8DD,Call You,Reel Big Fish,ska,1995,2,2025-10-22,U0002
TRLXWMF128F14A381D,Dreaming of You,The Coral,rock | alternative | indie | pop | indie_rock | british | britpop,2002,2,2025-10-26,U0002
